map,robots,seed,variant,orders,completed,orders_done,total_steps,fallbacks,collisions,sec
L12,16,1,pibt,100,True,100,227,0,0,12.4
L12,16,2,pibt,100,True,100,231,0,0,8.8
L12,16,1,pibt+상한,100,True,100,220,0,0,11.0
L12,16,2,pibt+상한,100,True,100,200,0,0,8.3
L12,16,1,pibt+상한+분산,100,True,100,216,0,0,10.8
L12,16,2,pibt+상한+분산,100,True,100,210,0,0,9.1
L12,16,1,wait,100,True,100,227,0,0,12.3
L12,16,2,wait,100,True,100,231,0,0,9.5
L12,24,1,pibt,100,True,100,180,0,0,14.2
L12,24,2,pibt,100,True,100,189,0,0,17.0
L12,24,1,pibt+상한,100,True,100,191,0,0,16.4
L12,24,2,pibt+상한,100,True,100,193,0,0,14.8
L12,24,1,pibt+상한+분산,100,True,100,178,0,0,15.9
L12,24,2,pibt+상한+분산,100,True,100,182,0,0,16.6
L12,24,1,wait,100,True,100,180,0,0,14.5
L12,24,2,wait,100,True,100,189,0,0,17.1
L12,30,1,pibt,100,True,100,196,0,0,23.4
L12,30,2,pibt,100,True,100,191,0,0,23.5
L12,30,1,pibt+상한,100,True,100,189,0,0,18.2
L12,30,2,pibt+상한,100,True,100,194,0,0,16.9
L12,30,1,pibt+상한+분산,100,True,100,184,0,0,18.8
L12,30,2,pibt+상한+분산,100,True,100,176,0,0,16.7
L12,30,1,wait,100,True,100,196,0,0,22.8
L12,30,2,wait,100,True,100,191,0,0,24.1
TEST,20,1,pibt,280,True,280,480,0,0,14.9
TEST,20,2,pibt,280,True,280,490,0,0,15.3
TEST,20,1,pibt+상한,280,False,274,2009,0,0,19.6
TEST,20,2,pibt+상한,280,False,279,2011,0,0,16.7
TEST,20,1,pibt+상한+분산,280,False,278,2007,0,0,17.0
TEST,20,2,pibt+상한+분산,280,True,280,483,0,0,13.6
TEST,20,1,wait,280,True,280,480,0,0,15.0
TEST,20,2,wait,280,True,280,490,0,0,15.3
TEST,30,1,pibt,280,False,68,2000,1877,0,449.3
TEST,30,2,pibt,280,False,278,2007,8,0,51.1
TEST,30,1,pibt+상한,280,False,273,2003,57,0,56.1
TEST,30,2,pibt+상한,280,False,279,2010,4,0,33.3
TEST,30,1,pibt+상한+분산,280,False,279,2005,5,0,40.7
TEST,30,2,pibt+상한+분산,280,False,277,2007,1,0,42.7
TEST,30,1,wait,280,False,64,2008,160,0,61.6
TEST,30,2,wait,280,False,75,2005,156,0,50.4
TEST,35,1,pibt,280,False,62,2000,1893,0,595.4
TEST,35,2,pibt,280,False,62,2000,1883,0,519.7
TEST,35,1,pibt+상한,280,False,252,2009,49,0,56.9
TEST,35,2,pibt+상한,280,False,152,2000,1771,0,538.9
TEST,35,1,pibt+상한+분산,280,False,239,2007,16,0,57.4
TEST,35,2,pibt+상한+분산,280,True,280,808,50,0,63.7
TEST,35,1,wait,280,False,20,2008,161,0,59.6
TEST,35,2,wait,280,False,50,2009,159,0,66.4
W1,16,1,pibt,100,True,100,271,0,0,27.1
W1,16,2,pibt,100,True,100,272,0,0,26.1
W1,16,1,pibt+상한,100,True,100,286,0,0,17.6
W1,16,2,pibt+상한,100,True,100,284,0,0,16.5
W1,16,1,pibt+상한+분산,100,True,100,286,0,0,17.6
W1,16,2,pibt+상한+분산,100,True,100,284,0,0,16.7
W1,16,1,wait,100,True,100,271,0,0,27.2
W1,16,2,wait,100,True,100,272,0,0,26.2
W1,24,1,pibt,100,True,100,260,0,0,46.9
W1,24,2,pibt,100,True,100,273,0,0,57.6
W1,24,1,pibt+상한,100,True,100,290,0,0,15.3
W1,24,2,pibt+상한,100,True,100,275,0,0,16.0
W1,24,1,pibt+상한+분산,100,True,100,290,0,0,15.2
W1,24,2,pibt+상한+분산,100,True,100,275,0,0,16.2
W1,24,1,wait,100,True,100,260,0,0,47.3
W1,24,2,wait,100,True,100,273,0,0,56.2
W1,30,1,pibt,100,True,100,269,0,0,84.6
W1,30,2,pibt,100,True,100,282,0,0,104.8
W1,30,1,pibt+상한,100,True,100,283,0,0,16.2
W1,30,2,pibt+상한,100,True,100,291,0,0,15.7
W1,30,1,pibt+상한+분산,100,True,100,283,0,0,16.3
W1,30,2,pibt+상한+분산,100,True,100,291,0,0,15.6
W1,30,1,wait,100,True,100,269,0,0,84.0
W1,30,2,wait,100,True,100,282,0,0,104.4
W2,16,1,pibt,100,True,100,271,0,0,23.1
W2,16,2,pibt,100,True,100,270,0,0,24.4
W2,16,1,pibt+상한,100,True,100,288,0,0,16.2
W2,16,2,pibt+상한,100,True,100,277,0,0,17.0
W2,16,1,pibt+상한+분산,100,True,100,277,0,0,16.7
W2,16,2,pibt+상한+분산,100,True,100,280,0,0,16.3
W2,16,1,wait,100,True,100,271,0,0,22.5
W2,16,2,wait,100,True,100,270,0,0,24.4
W2,24,1,pibt,100,True,100,252,0,0,39.2
W2,24,2,pibt,100,True,100,262,0,0,44.4
W2,24,1,pibt+상한,100,True,100,291,0,0,19.1
W2,24,2,pibt+상한,100,True,100,271,0,0,18.8
W2,24,1,pibt+상한+분산,100,True,100,293,0,0,17.9
W2,24,2,pibt+상한+분산,100,True,100,279,0,0,19.2
W2,24,1,wait,100,True,100,252,0,0,40.4
W2,24,2,wait,100,True,100,262,0,0,44.2
W2,30,1,pibt,100,True,100,251,0,0,56.9
W2,30,2,pibt,100,True,100,252,0,0,60.5
W2,30,1,pibt+상한,100,True,100,307,0,0,19.6
W2,30,2,pibt+상한,100,True,100,298,0,0,19.7
W2,30,1,pibt+상한+분산,100,True,100,291,0,0,17.0
W2,30,2,pibt+상한+분산,100,True,100,290,0,0,19.3
W2,30,1,wait,100,True,100,251,0,0,56.5
W2,30,2,wait,100,True,100,252,0,0,59.2
W3,16,1,pibt,100,True,100,275,0,0,24.0
W3,16,2,pibt,100,True,100,265,0,0,23.1
W3,16,1,pibt+상한,100,True,100,285,0,0,14.9
W3,16,2,pibt+상한,100,True,100,287,0,0,15.1
W3,16,1,pibt+상한+분산,100,True,100,285,0,0,14.8
W3,16,2,pibt+상한+분산,100,True,100,287,0,0,15.3
W3,16,1,wait,100,True,100,275,0,0,24.5
W3,16,2,wait,100,True,100,265,0,0,23.1
W3,24,1,pibt,100,True,100,260,0,0,46.3
W3,24,2,pibt,100,True,100,268,0,0,49.6
W3,24,1,pibt+상한,100,True,100,287,0,0,14.2
W3,24,2,pibt+상한,100,True,100,299,0,0,16.3
W3,24,1,pibt+상한+분산,100,True,100,287,0,0,14.4
W3,24,2,pibt+상한+분산,100,True,100,299,0,0,15.9
W3,24,1,wait,100,True,100,260,0,0,46.1
W3,24,2,wait,100,True,100,268,0,0,49.6
W3,30,1,pibt,100,True,100,257,0,0,70.8
W3,30,2,pibt,100,True,100,254,0,0,74.9
W3,30,1,pibt+상한,100,True,100,278,0,0,17.8
W3,30,2,pibt+상한,100,True,100,305,0,0,16.0
W3,30,1,pibt+상한+분산,100,True,100,278,0,0,17.4
W3,30,2,pibt+상한+분산,100,True,100,305,0,0,16.4
W3,30,1,wait,100,True,100,257,0,0,71.2
W3,30,2,wait,100,True,100,254,0,0,74.9
W6,16,1,pibt,100,True,100,281,0,0,27.0
W6,16,2,pibt,100,True,100,263,0,0,23.3
W6,16,1,pibt+상한,100,True,100,298,0,0,17.6
W6,16,2,pibt+상한,100,True,100,275,0,0,16.1
W6,16,1,pibt+상한+분산,100,True,100,298,0,0,17.7
W6,16,2,pibt+상한+분산,100,True,100,275,0,0,16.0
W6,16,1,wait,100,True,100,281,0,0,26.7
W6,16,2,wait,100,True,100,263,0,0,24.0
W6,24,1,pibt,100,True,100,266,0,0,47.6
W6,24,2,pibt,100,True,100,271,0,0,52.2
W6,24,1,pibt+상한,100,True,100,347,0,0,17.9
W6,24,2,pibt+상한,100,True,100,283,0,0,17.6
W6,24,1,pibt+상한+분산,100,True,100,347,0,0,18.3
W6,24,2,pibt+상한+분산,100,True,100,283,0,0,17.4
W6,24,1,wait,100,True,100,266,0,0,47.0
W6,24,2,wait,100,True,100,271,0,0,52.9
W6,30,1,pibt,100,True,100,278,0,0,86.3
W6,30,2,pibt,100,True,100,292,0,0,99.5
W6,30,1,pibt+상한,100,True,100,310,0,0,19.0
W6,30,2,pibt+상한,100,True,100,275,0,0,17.2
W6,30,1,pibt+상한+분산,100,True,100,310,0,0,18.9
W6,30,2,pibt+상한+분산,100,True,100,275,0,0,17.7
W6,30,1,wait,100,True,100,278,0,0,86.1
W6,30,2,wait,100,True,100,292,0,0,99.1
