map,robots,variant,seeds,steps_mean,steps_sd,improvement_pct_mean,improvement_pct_min,avg_order_time,waits_mean,completed,collisions,invariant_violations,sec_mean
W1,8,baseline,5,571.8,105.5,0.0,0.0,263.7,2261.4,5/5,0,0,0.35
W1,8,optimized,5,167.4,6.9,69.5,56.3,63.7,58.6,5/5,0,0,6.74
W1,8,opt-무작위보관,5,212.6,9.1,61.3,45.6,86.4,25.4,5/5,0,0,5.32
W1,8,opt-그리디할당,5,168.6,6.9,69.3,55.2,62.9,53.6,5/5,0,0,6.44
W1,8,opt-LNS없음,5,202,12.6,63.0,44.5,82.4,101.2,5/5,0,0,1.79
W2,10,baseline,5,467.8,140.7,0.0,0.0,193.6,1708.4,5/5,0,0,0.34
W2,10,optimized,5,162,5.6,62.0,47.8,62.3,51.2,5/5,0,0,6.28
W2,10,opt-무작위보관,5,233.4,9.4,44.6,18.0,99.8,23.6,5/5,0,0,5.05
W2,10,opt-그리디할당,5,161,8.4,62.2,47.8,61.9,51.6,5/5,0,0,6.12
W2,10,opt-LNS없음,5,194,11.7,54.4,33.2,79.9,87.6,5/5,0,0,1.99
W3,8,baseline,5,605,204.5,0.0,0.0,327.0,2275.8,5/5,0,0,0.4
W3,8,optimized,5,169.2,8.9,69.2,59.7,64.7,56.4,5/5,0,0,5.83
W3,8,opt-무작위보관,5,254.8,13.5,53.3,36.8,107.8,26,5/5,0,0,5.15
W3,8,opt-그리디할당,5,168.6,6.9,69.4,60.6,64.3,58.6,5/5,0,0,5.79
W3,8,opt-LNS없음,5,214.6,3.2,61.1,49.9,89.6,105.6,5/5,0,0,1.77
W6,8,baseline,5,497.6,90.2,0.0,0.0,238.5,1617.6,5/5,0,0,0.3
W6,8,optimized,5,171.8,8.6,64.3,52.5,67.8,56.2,5/5,0,0,6.75
W6,8,opt-무작위보관,5,241.6,9.7,49.9,35.1,102.8,21.2,5/5,0,0,5.85
W6,8,opt-그리디할당,5,172.2,9.8,64.2,51.9,68.0,58.8,5/5,0,0,6.8
W6,8,opt-LNS없음,5,206,12.6,57.2,45.5,86.4,101.2,5/5,0,0,1.87
L12,14,baseline,5,299.4,15.1,0.0,0.0,137.4,635.8,5/5,0,0,0.31
L12,14,optimized,5,151.2,6.3,49.4,45.8,60.0,28,5/5,0,0,4.66
L12,14,opt-무작위보관,5,238.8,15.2,20.1,12.5,104.0,18.6,5/5,0,0,4.01
L12,14,opt-그리디할당,5,154,8.2,48.5,45.6,60.1,29.4,5/5,0,0,4.49
L12,14,opt-LNS없음,5,168.8,10.2,43.4,36.5,68.4,53.2,5/5,0,0,1.78
